<?xml version="1.0" encoding="UTF-8"?>
<gfc:FC_FeatureCatalogue xmlns:xlink="http://www.w3.org/1999/xlink"
                         xmlns:gmd="http://www.isotc211.org/2005/gmd"
                         xmlns:gco="http://www.isotc211.org/2005/gco"
                         xmlns:gml="http://www.opengis.net/gml/3.2"
                         xmlns:xsi="http://www.w3.org/2001/XMLSchema-instance"
                         xmlns:gmi="http://www.isotc211.org/2005/gmi"
                         xmlns:gmx="http://www.isotc211.org/2005/gmx"
                         xmlns:gfc="http://www.isotc211.org/2005/gfc">
   <gmx:name>
      <gco:CharacterString/>
   </gmx:name>
   <gmx:scope>
      <gco:CharacterString/>
   </gmx:scope>
   <gmx:versionNumber>
      <gco:CharacterString>2021</gco:CharacterString>
   </gmx:versionNumber>
   <gmx:versionDate>
      <gco:Date>20210523</gco:Date>
   </gmx:versionDate>
   <gmx:language>
      <gco:CharacterString>eng</gco:CharacterString>
   </gmx:language>
   <gmx:characterSet>
      <gmd:MD_CharacterSetCode codeList="http://www.isotc211.org/2005/resources/Codelist/gmxCodelists.xml#MD_CharacterSetCode"
                               codeListValue="UTF-8">UTF-8</gmd:MD_CharacterSetCode>
   </gmx:characterSet>
   <gfc:producer>
      <gmd:CI_ResponsibleParty>
         <gmd:organisationName>
            <gco:CharacterString>U.S. Department of Commerce, U.S. Census Bureau, Geography Division, Spatial Data Collection and Products Branch</gco:CharacterString>
         </gmd:organisationName>
         <gmd:contactInfo>
            <gmd:CI_Contact>
               <gmd:phone>
                  <gmd:CI_Telephone>
                     <gmd:voice>
                        <gco:CharacterString>301-763-1128</gco:CharacterString>
                     </gmd:voice>
                     <gmd:facsimile>
                        <gco:CharacterString>301-763-4710</gco:CharacterString>
                     </gmd:facsimile>
                  </gmd:CI_Telephone>
               </gmd:phone>
               <gmd:address>
                  <gmd:CI_Address>
                     <gmd:deliveryPoint>
                        <gco:CharacterString>4600 Silver Hill Road, Stop 7400</gco:CharacterString>
                     </gmd:deliveryPoint>
                     <gmd:city>
                        <gco:CharacterString>Washington</gco:CharacterString>
                     </gmd:city>
                     <gmd:administrativeArea>
                        <gco:CharacterString>DC</gco:CharacterString>
                     </gmd:administrativeArea>
                     <gmd:postalCode>
                        <gco:CharacterString>20233-7400</gco:CharacterString>
                     </gmd:postalCode>
                     <gmd:country>
                        <gco:CharacterString>United States</gco:CharacterString>
                     </gmd:country>
                     <gmd:electronicMailAddress>
                        <gco:CharacterString>geo.geography@census.gov</gco:CharacterString>
                     </gmd:electronicMailAddress>
                  </gmd:CI_Address>
               </gmd:address>
            </gmd:CI_Contact>
         </gmd:contactInfo>
         <gmd:role>
            <gmd:CI_RoleCode codeList="http://www.isotc211.org/2005/resources/Codelist/gmxCodelists.xml#CI_RoleCode"
                             codeListValue="custodian">custodian
                </gmd:CI_RoleCode>
         </gmd:role>
      </gmd:CI_ResponsibleParty>
   </gfc:producer>
   <gfc:featureType>
      <gfc:FC_FeatureType>
         <gfc:typeName>
            <gco:LocalName>CSA.shp</gco:LocalName>
         </gfc:typeName>
         <gfc:definition>
            <gco:CharacterString>Current Combined Statistical Area (CSA) National</gco:CharacterString>
         </gfc:definition>
         <gfc:isAbstract>
            <gco:Boolean>false</gco:Boolean>
         </gfc:isAbstract>
         <gfc:featureCatalogue uuidref="tl_2021_us_csa.ea.iso.xml"/>
         <gfc:carrierOfCharacteristics>
            <gfc:FC_FeatureAttribute>
               <gfc:memberName>
                  <gco:LocalName>CSAFP</gco:LocalName>
               </gfc:memberName>
               <gfc:definition>
                  <gco:CharacterString>Current combined statistical area code</gco:CharacterString>
               </gfc:definition>
               <gfc:cardinality>
                  <gco:Multiplicity>
                     <gco:range>
                        <gco:MultiplicityRange>
                           <gco:lower>
                              <gco:Integer>100</gco:Integer>
                           </gco:lower>
                           <gco:upper>
                              <gco:UnlimitedInteger>599</gco:UnlimitedInteger>
                           </gco:upper>
                        </gco:MultiplicityRange>
                     </gco:range>
                  </gco:Multiplicity>
               </gfc:cardinality>
               <gfc:definitionReference xlink:title="Office of Management and Budget (OMB)"
                                        xlink:href="&gt;http://www.ngdc.noaa.gov/docucomp/5c2bfb61-0530-4cf8-8f46-5ee07a2accb9"/>
            </gfc:FC_FeatureAttribute>
         </gfc:carrierOfCharacteristics>
         <gfc:carrierOfCharacteristics>
            <gfc:FC_FeatureAttribute>
               <gfc:memberName>
                  <gco:LocalName>GEOID</gco:LocalName>
               </gfc:memberName>
               <gfc:definition>
                  <gco:CharacterString>Combined statistical area identifier, combined statistical area code</gco:CharacterString>
               </gfc:definition>
               <gfc:cardinality gco:nilReason="unknown"/>
               <gfc:definitionReference xlink:title="Office of Management and Budget (OMB)"
                                        xlink:href="&gt;http://www.ngdc.noaa.gov/docucomp/5c2bfb61-0530-4cf8-8f46-5ee07a2accb9"/>
               <gfc:listedValue>
                  <gfc:FC_ListedValue>
                     <gfc:label gco:nilReason="inapplicable"/>
                     <gfc:definition>
                        <gco:CharacterString>Current combined statistical area code found in CSAFP</gco:CharacterString>
                     </gfc:definition>
                  </gfc:FC_ListedValue>
               </gfc:listedValue>
            </gfc:FC_FeatureAttribute>
         </gfc:carrierOfCharacteristics>
         <gfc:carrierOfCharacteristics>
            <gfc:FC_FeatureAttribute>
               <gfc:memberName>
                  <gco:LocalName>NAME</gco:LocalName>
               </gfc:memberName>
               <gfc:definition>
                  <gco:CharacterString>Current combined statistical area name</gco:CharacterString>
               </gfc:definition>
               <gfc:cardinality gco:nilReason="unknown"/>
               <gfc:definitionReference xlink:title="Office of Management and Budget (OMB)"
                                        xlink:href="&gt;http://www.ngdc.noaa.gov/docucomp/5c2bfb61-0530-4cf8-8f46-5ee07a2accb9"/>
               <gfc:listedValue>
                  <gfc:FC_ListedValue>
                     <gfc:label gco:nilReason="inapplicable"/>
                     <gfc:definition>
                        <gco:CharacterString>
            Values for this attribute are composed of a set of combined statistical area names.
            As such, they do not exist in a known, predefined set.
          </gco:CharacterString>
                     </gfc:definition>
                  </gfc:FC_ListedValue>
               </gfc:listedValue>
            </gfc:FC_FeatureAttribute>
         </gfc:carrierOfCharacteristics>
         <gfc:carrierOfCharacteristics>
            <gfc:FC_FeatureAttribute>
               <gfc:memberName>
                  <gco:LocalName>NAMELSAD</gco:LocalName>
               </gfc:memberName>
               <gfc:definition>
                  <gco:CharacterString>
          Current name and the translated legal/statistical area description for combined
          statistical area
        </gco:CharacterString>
               </gfc:definition>
               <gfc:cardinality gco:nilReason="unknown"/>
               <gfc:definitionReference xlink:title="Office of Management and Budget (OMB)"
                                        xlink:href="&gt;http://www.ngdc.noaa.gov/docucomp/5c2bfb61-0530-4cf8-8f46-5ee07a2accb9"/>
               <gfc:listedValue>
                  <gfc:FC_ListedValue>
                     <gfc:label gco:nilReason="inapplicable"/>
                     <gfc:definition>
                        <gco:CharacterString>
            Current name and the translated legal/statistical area description code for combined
            statistical area
          </gco:CharacterString>
                     </gfc:definition>
                  </gfc:FC_ListedValue>
               </gfc:listedValue>
            </gfc:FC_FeatureAttribute>
         </gfc:carrierOfCharacteristics>
         <gfc:carrierOfCharacteristics>
            <gfc:FC_FeatureAttribute>
               <gfc:memberName>
                  <gco:LocalName>LSAD</gco:LocalName>
               </gfc:memberName>
               <gfc:definition>
                  <gco:CharacterString>Current legal/statistical area description code for combined statistical area</gco:CharacterString>
               </gfc:definition>
               <gfc:cardinality gco:nilReason="unknown"/>
               <gfc:definitionReference xlink:title="U.S Census Bureau"
                                        xlink:href="http://www.ngdc.noaa.gov/docucomp/eb139e38-ee29-4d59-b157-5e874d4420c4"/>
               <gfc:listedValue>
                  <gfc:FC_ListedValue>
                     <gfc:label>
                        <gco:CharacterString>M0</gco:CharacterString>
                     </gfc:label>
                     <gfc:definition>
                        <gco:CharacterString>CSA (suffix)</gco:CharacterString>
                     </gfc:definition>
                     <gfc:definitionReference xlink:title="U.S Census Bureau"
                                              xlink:href="http://www.ngdc.noaa.gov/docucomp/eb139e38-ee29-4d59-b157-5e874d4420c4"/>
                  </gfc:FC_ListedValue>
               </gfc:listedValue>
            </gfc:FC_FeatureAttribute>
         </gfc:carrierOfCharacteristics>
         <gfc:carrierOfCharacteristics>
            <gfc:FC_FeatureAttribute>
               <gfc:memberName>
                  <gco:LocalName>MTFCC</gco:LocalName>
               </gfc:memberName>
               <gfc:definition>
                  <gco:CharacterString>MAF/TIGER feature class code</gco:CharacterString>
               </gfc:definition>
               <gfc:cardinality gco:nilReason="unknown"/>
               <gfc:definitionReference xlink:title="U.S Census Bureau"
                                        xlink:href="http://www.ngdc.noaa.gov/docucomp/eb139e38-ee29-4d59-b157-5e874d4420c4"/>
               <gfc:listedValue>
                  <gfc:FC_ListedValue>
                     <gfc:label>
                        <gco:CharacterString>G3100</gco:CharacterString>
                     </gfc:label>
                     <gfc:definition>
                        <gco:CharacterString>Combined Statistical Area</gco:CharacterString>
                     </gfc:definition>
                     <gfc:definitionReference xlink:title="U.S Census Bureau"
                                              xlink:href="http://www.ngdc.noaa.gov/docucomp/eb139e38-ee29-4d59-b157-5e874d4420c4"/>
                  </gfc:FC_ListedValue>
               </gfc:listedValue>
            </gfc:FC_FeatureAttribute>
         </gfc:carrierOfCharacteristics>
         <gfc:carrierOfCharacteristics>
            <gfc:FC_FeatureAttribute>
               <gfc:memberName>
                  <gco:LocalName>ALAND</gco:LocalName>
               </gfc:memberName>
               <gfc:definition>
                  <gco:CharacterString>Current land area (square meters)</gco:CharacterString>
               </gfc:definition>
               <gfc:cardinality>
                  <gco:Multiplicity>
                     <gco:range>
                        <gco:MultiplicityRange>
                           <gco:lower>
                              <gco:Integer>0</gco:Integer>
                           </gco:lower>
                           <gco:upper>
                              <gco:UnlimitedInteger>9999999</gco:UnlimitedInteger>
                           </gco:upper>
                        </gco:MultiplicityRange>
                     </gco:range>
                  </gco:Multiplicity>
               </gfc:cardinality>
               <gfc:definitionReference xlink:title="U.S Census Bureau"
                                        xlink:href="http://www.ngdc.noaa.gov/docucomp/eb139e38-ee29-4d59-b157-5e874d4420c4"/>
            </gfc:FC_FeatureAttribute>
         </gfc:carrierOfCharacteristics>
         <gfc:carrierOfCharacteristics>
            <gfc:FC_FeatureAttribute>
               <gfc:memberName>
                  <gco:LocalName>AWATER</gco:LocalName>
               </gfc:memberName>
               <gfc:definition>
                  <gco:CharacterString>Current water area (square meters)</gco:CharacterString>
               </gfc:definition>
               <gfc:cardinality>
                  <gco:Multiplicity>
                     <gco:range>
                        <gco:MultiplicityRange>
                           <gco:lower>
                              <gco:Integer>0</gco:Integer>
                           </gco:lower>
                           <gco:upper>
                              <gco:UnlimitedInteger>9999999</gco:UnlimitedInteger>
                           </gco:upper>
                        </gco:MultiplicityRange>
                     </gco:range>
                  </gco:Multiplicity>
               </gfc:cardinality>
               <gfc:definitionReference xlink:title="U.S Census Bureau"
                                        xlink:href="http://www.ngdc.noaa.gov/docucomp/eb139e38-ee29-4d59-b157-5e874d4420c4"/>
            </gfc:FC_FeatureAttribute>
         </gfc:carrierOfCharacteristics>
         <gfc:carrierOfCharacteristics>
            <gfc:FC_FeatureAttribute>
               <gfc:memberName>
                  <gco:LocalName>INTPTLAT</gco:LocalName>
               </gfc:memberName>
               <gfc:definition>
                  <gco:CharacterString>Current latitude of the internal point</gco:CharacterString>
               </gfc:definition>
               <gfc:cardinality>
                  <gco:Multiplicity>
                     <gco:range>
                        <gco:MultiplicityRange>
                           <gco:lower>
                              <gco:Integer>-90.000000</gco:Integer>
                           </gco:lower>
                           <gco:upper>
                              <gco:UnlimitedInteger>90.000000</gco:UnlimitedInteger>
                           </gco:upper>
                        </gco:MultiplicityRange>
                     </gco:range>
                  </gco:Multiplicity>
               </gfc:cardinality>
               <gfc:definitionReference xlink:title="U.S Census Bureau"
                                        xlink:href="http://www.ngdc.noaa.gov/docucomp/eb139e38-ee29-4d59-b157-5e874d4420c4"/>
            </gfc:FC_FeatureAttribute>
         </gfc:carrierOfCharacteristics>
         <gfc:carrierOfCharacteristics>
            <gfc:FC_FeatureAttribute>
               <gfc:memberName>
                  <gco:LocalName>INTPTLON</gco:LocalName>
               </gfc:memberName>
               <gfc:definition>
                  <gco:CharacterString>Current longitude of the internal point</gco:CharacterString>
               </gfc:definition>
               <gfc:cardinality>
                  <gco:Multiplicity>
                     <gco:range>
                        <gco:MultiplicityRange>
                           <gco:lower>
                              <gco:Integer>-180.000000</gco:Integer>
                           </gco:lower>
                           <gco:upper>
                              <gco:UnlimitedInteger>180.000000</gco:UnlimitedInteger>
                           </gco:upper>
                        </gco:MultiplicityRange>
                     </gco:range>
                  </gco:Multiplicity>
               </gfc:cardinality>
               <gfc:definitionReference xlink:title="U.S Census Bureau"
                                        xlink:href="http://www.ngdc.noaa.gov/docucomp/eb139e38-ee29-4d59-b157-5e874d4420c4"/>
            </gfc:FC_FeatureAttribute>
         </gfc:carrierOfCharacteristics>
      </gfc:FC_FeatureType>
   </gfc:featureType>
</gfc:FC_FeatureCatalogue>